<?xml version="1.0" encoding="UTF-8"?>
<beans xmlns="http://www.springframework.org/schema/beans"
	xmlns:xsi="http://www.w3.org/2001/XMLSchema-instance"
	xmlns:context="http://www.springframework.org/schema/context"
	xmlns:aop="http://www.springframework.org/schema/aop"
	xmlns:tx="http://www.springframework.org/schema/tx"
	xmlns:p="http://www.springframework.org/schema/p"
	xsi:schemaLocation="http://www.springframework.org/schema/beans 
						http://www.springframework.org/schema/beans/spring-beans-4.0.xsd
						http://www.springframework.org/schema/context
						http://www.springframework.org/schema/context/spring-context-4.0.xsd
						http://www.springframework.org/schema/aop
						http://www.springframework.org/schema/aop/spring-aop-4.0.xsd
						http://www.springframework.org/schema/tx
						http://www.springframework.org/schema/tx/spring-tx-4.0.xsd">
	<!-- 开启注解 -->
	<context:component-scan base-package="cn.jiaowu"/> 
	
	 <!-- 配置一个属性文件解析 -->
    <bean class="org.springframework.beans.factory.config.PreferencesPlaceholderConfigurer">
    	<property name="locations">
    		<list>
    			<value>classpath:db.properties</value>
    		</list>
    	</property>
    </bean>
    <!-- 配置一个dataSource -->
    <bean id="dataSource" class="org.apache.commons.dbcp.BasicDataSource">
    	<property name="driverClassName" value="${driver}"></property>
    	<property name="url" value="${url}"></property>
    	<property name="username" value="${username}"></property>
    	<property name="password" value="${password}"></property>
    </bean>  
	
	<!-- sessionFactory -->
	<bean id="sqlSessionFactory" class="org.mybatis.spring.SqlSessionFactoryBean">
		<property name="dataSource" ref="dataSource"></property>
		<property name="typeAliasesPackage" value="cn.jiaowu.entity"></property>
		<property name="mapperLocations" value="classpath:cn/jiaowu/dao/*Mapper.xml"></property>
	</bean>
	
	<!-- 自动管理dao -->
	<bean class="org.mybatis.spring.mapper.MapperScannerConfigurer">
		<property name="basePackage" value="cn.jiaowu.dao"></property>
	</bean>
	
	<!-- 配置声明式事务 -->
	<!-- 1、配置一个事务管理器 -->
	<bean id="transactionManager" class="org.springframework.jdbc.datasource.DataSourceTransactionManager">
		<property name="dataSource" ref="dataSource"></property>
	</bean>
	
	<!-- 2、定义事务的规则(事务通知)，哪些方法要事务，要什么事务 -->
	<tx:advice id="txAdvice" transaction-manager="transactionManager">
		<tx:attributes>
			<!-- name是方法名称  propagation事务的传播特性 -->
			<tx:method name="add*" propagation="REQUIRED"/>
			<tx:method name="save*" propagation="REQUIRED"/>
			<tx:method name="update*" propagation="REQUIRED"/>
			<tx:method name="delete*" propagation="REQUIRED"/>
			<tx:method name="del*" propagation="REQUIRED"/>
			<tx:method name="do*" propagation="REQUIRED"/>
			<tx:method name="*" propagation="SUPPORTS" read-only="true"/>
		</tx:attributes>
	</tx:advice>
	
	<!-- 3、切入点(在哪里需要加事务) -->
	<aop:config>
		<aop:pointcut expression="execution (* cn.jiaowu.services..*.*(..))" id="bizMethods"/>
		<!-- 4、织入 -->
		<aop:advisor advice-ref="txAdvice" pointcut-ref="bizMethods"/>
	</aop:config>
</beans>