<?xml version="1.0" encoding="UTF-8"?>    
<beans xmlns="http://www.springframework.org/schema/beans"   
    xmlns:context="http://www.springframework.org/schema/context" 
    xmlns:p="http://www.springframework.org/schema/p" 
    xmlns:mvc="http://www.springframework.org/schema/mvc"  
    xmlns:xsi="http://www.w3.org/2001/XMLSchema-instance"    
    xsi:schemaLocation="http://www.springframework.org/schema/beans   
    http://www.springframework.org/schema/beans/spring-beans-4.2.xsd  
    http://www.springframework.org/schema/context  
    http://www.springframework.org/schema/context/spring-context-4.2.xsd
    http://www.springframework.org/schema/mvc 
    http://www.springframework.org/schema/mvc/spring-mvc-4.2.xsd"> 

	<!-- 开启注解 -->
	<context:component-scan base-package="cn.jiaowu.controller"/> 
	<!-- 自动注册 HandlerMapping和HandlerAdapter-->
	<mvc:annotation-driven>
		<mvc:message-converters>
			<ref bean="mappingJackson2HttpMessageConverter"/>
		</mvc:message-converters>
	</mvc:annotation-driven>
	
	<!-- 配置一个视图解析器 -->
	<bean id="viewResolver" class="org.springframework.web.servlet.view.InternalResourceViewResolver">
		<property name="prefix" value="/"></property>
		<property name="suffix" value=".jsp"></property>
	</bean>
	<!-- 第二种:处理静态资源 -->
	<mvc:default-servlet-handler/>

	<!-- 配置一个文件处理器 必须加上id="multipartResolver"-->
	<bean id="multipartResolver" class="org.springframework.web.multipart.commons.CommonsMultipartResolver">
		<property name="maxUploadSize" value="20240000"></property>
	</bean>
	
	<!-- 配置一个JSON转换器 -->
	<bean id="mappingJackson2HttpMessageConverter" class="org.springframework.http.converter.json.MappingJackson2HttpMessageConverter">
		<property name="supportedMediaTypes" value="application/json;charset=UTF-8"></property>
	</bean>
</beans>  