<?xml version="1.0" encoding="UTF-8" ?>
<!DOCTYPE mapper PUBLIC "-//mybatis.org//DTD Mapper 3.0//EN" "http://mybatis.org/dtd/mybatis-3-mapper.dtd" >
<mapper namespace="cn.jiaowu.dao.BanjiDao" >
  <resultMap id="BaseResultMap" type="banji" >
  </resultMap>
  <sql id="Base_Column_List" >
    id,mingcheng,del
  </sql>
  <select id="selectByPrimaryKey" resultMap="BaseResultMap" parameterType="java.lang.Integer" >
     SELECT
    <include refid="Base_Column_List"/>
    from t_banji where del=0 and id = #{id,jdbcType=INTEGER}
  </select>
  
  
  <delete id="deleteByPrimaryKey" parameterType="java.lang.Integer" >
    update t_banji set del=1
    where id = #{id,jdbcType=INTEGER}
  </delete>
  
  
  <insert id="insert" parameterType="banji" >
    insert into t_banji (
    	<include refid="Base_Column_List" />
      )
    values (null, #{mingcheng,jdbcType=VARCHAR}, 0) 
  </insert>
 
  <update id="updateByPrimaryKeySelective" parameterType="banji" >
    update t_banji
    <set>
      <if test="mingcheng != null and mingcheng != ''" >
        mingcheng = #{mingcheng,jdbcType=VARCHAR},
      </if>
      <if test="del != null" >
        del = #{del,jdbcType=VARCHAR},
      </if>
      </set>
    where id = #{id,jdbcType=INTEGER}
  </update>

  <select id="getAll" resultMap="BaseResultMap" >
  select 
    <include refid="Base_Column_List" />
    from t_banji where del=0
  </select>

</mapper>