<?xml version="1.0" encoding="UTF-8" ?>
<!DOCTYPE mapper PUBLIC "-//mybatis.org//DTD Mapper 3.0//EN" "http://mybatis.org/dtd/mybatis-3-mapper.dtd" >
<mapper namespace="cn.jiaowu.dao.KebiaoDao" >
  <resultMap id="BaseResultMap" type="kebiao" >
  </resultMap>
  <sql id="Base_Column_List" >
    id,banjiid,kechengid,laoshiid,zhouid,shijian
  </sql>
  <insert id="insert" parameterType="kebiao" >
    insert into t_kebiao (
    	<include refid="Base_Column_List" />
      )
    values (null, #{banjiid},#{kechengid},#{laoshiid},#{zhouid},#{shijian}) 
  </insert>
 
  <update id="updateByPrimaryKeySelective" parameterType="kebiao" >
    update t_kebiao
    <set>
      <if test="banjiid != null" >
        banjiid = #{banjiid}
      </if>
      </set>
    where id = #{id,jdbcType=INTEGER}
  </update>
  

  <delete id="deleteByPrimaryKey" parameterType="java.lang.Integer" >
    delete from  t_kebiao
    where id = #{id,jdbcType=INTEGER}
  </delete>
  

  <select id="getAll" resultMap="BaseResultMap" >
  	 SELECT
     kb.id,bj.mingcheng as bjmc,kc.mingcheng as kcmc,ls.xingming as lsmc,kb.zhouid,kb.shijian
     from t_kebiao kb,t_laoshi ls,t_kecheng kc,t_banji bj 
     where kb.laoshiid=ls.id and kb.banjiid=bj.id and kb.kechengid=kc.id
     <if test="banjiid != null and banjiid!=0" >
        and kb.banjiid = #{banjiid} 
     </if>
     <if test="laoshiid != null and laoshiid" >
        and kb.laoshiid = #{laoshiid} 
     </if>
     order by kb.zhouid,kb.shijian
  </select>
  
  
</mapper>