<?xml version="1.0" encoding="UTF-8" ?>
<!DOCTYPE mapper PUBLIC "-//mybatis.org//DTD Mapper 3.0//EN" "http://mybatis.org/dtd/mybatis-3-mapper.dtd" >
<mapper namespace="cn.jiaowu.dao.MessageDao" >
  <resultMap id="BaseResultMap" type="message" >
  </resultMap>
  <sql id="Base_Column_List" >
    id,xsmc,banjiid,content,lytime,reply,lsmc,rtime
  </sql>
  <insert id="insert" parameterType="message" >
    insert into t_message (
    	<include refid="Base_Column_List" />
      )
    values (null, #{xsmc},#{banjiid},#{content},#{lytime},#{reply},#{lsmc},#{rtime}) 
  </insert>
 
  <update id="updateByPrimaryKeySelective" parameterType="message" >
    update t_message
    <set>
      <if test="reply != null and reply!=''" >
        reply = #{reply},
      </if>
      <if test="lsmc != null and lsmc!=''" >
        lsmc = #{lsmc},
      </if>
      <if test="rtime != null and rtime!=''" >
        rtime = #{rtime},
      </if>
      </set>
    where id = #{id,jdbcType=INTEGER}
  </update>
  


  <select id="getAll" resultMap="BaseResultMap" >
  	 SELECT
     * from t_message where 1=1
     <if test="xsmc != null and xsmc!=''" >
        and xsmc = #{xsmc} 
     </if>
     <if test="banjiid != null" >
        and banjiid = #{banjiid}
      </if>
  </select>
  

</mapper>