<?xml version="1.0" encoding="UTF-8" ?>
<!DOCTYPE mapper PUBLIC "-//mybatis.org//DTD Mapper 3.0//EN" "http://mybatis.org/dtd/mybatis-3-mapper.dtd" >
<mapper namespace="cn.jiaowu.dao.PingjiaDao" >
  <resultMap id="BaseResultMap" type="pingjia" >
  </resultMap>
  <sql id="Base_Column_List" >
    id,xsmc,banjiid,jsmc,shijian,result,type
  </sql>
  <insert id="insert" parameterType="pingjia" >
    insert into t_pingjia (
    	<include refid="Base_Column_List" />
      )
    values (null, #{xsmc},#{banjiid},#{jsmc},#{shijian},#{result},#{type}) 
   </insert>
  <update id="updateByPrimaryKeySelective" parameterType="pingjia" >
    update t_pingjia
    <set>
      <if test="result != null" >
        result = #{result}
      </if>
      </set>
    where id = #{id,jdbcType=INTEGER}
  </update>
  

  <delete id="deleteByPrimaryKey" parameterType="java.lang.Integer" >
    delete from  t_pingjia
    where id = #{id,jdbcType=INTEGER}
  </delete>
  

  <select id="getAll" resultMap="BaseResultMap" >
  	 SELECT
     *
     from t_pingjia
     where 1=1 
     <if test="banjiid != null and banjiid!=0" >
        and banjiid = #{banjiid} 
     </if>
     <if test="xsmc != null and xsmc!=''" >
        and xsmc = #{xsmc} 
     </if>
     <if test="jsmc != null and jsmc!=''" >
       and jsmc = #{jsmc}
     </if>
     order by shijian desc
  </select>
<select id="getAllByType" resultMap="BaseResultMap" >
  	 SELECT
     *
     from t_pingjia
     where type=#{type} order by shijian desc
  </select>
</mapper>